file,T20,T30,EDT,C50,C80,D50,D80
theatre41_HR05_bformatIR_48k.wav,0.705791117423427,0.7458288651512295,0.5092931670554756,2.6897953,7.5451655,0.6500703,0.85034883
theatre41_HR01_bformatIR_48k.wav,0.7073302928524295,0.745361170099938,0.5095600101886121,2.6625628,7.519191,0.6486425,0.84958595
theatre41_HR04_bformatIR_48k.wav,0.7055780647866584,0.7441231802692811,0.5077763056523507,2.70987,7.5588627,0.651121,0.8507497
theatre41_HL01_bformatIR_48k.wav,0.6879462598097518,0.7269020055470409,0.3210344603888522,7.8628726,10.798797,0.8594214,0.92319083
theatre41_HR02_bformatIR_48k.wav,0.7074106254507184,0.7448314926209981,0.5090211131866346,2.6427574,7.5229554,0.6476027,0.8496969
theatre41_HL04_bformatIR_48k.wav,0.697692807540161,0.731132021578678,0.3379636218873155,7.6313257,10.546542,0.85285586,0.91896975
theatre41_HR03_bformatIR_48k.wav,0.7071702919151757,0.7450794405994312,0.5074887590661428,2.7335148,7.567963,0.6523569,0.8510156
theatre41_HL05_bformatIR_48k.wav,0.6967978149680888,0.7314275107115451,0.34555594555767233,7.522525,10.42631,0.84968394,0.9168841
theatre41.wav,0.6613370515527162,0.7029532110420575,0.3431113641339518,7.392463,10.823356,0.84581906,0.9235912
